﻿designator,quantity,value,pack,mpn,mount_type
AE1,1,2450AT42B100E,XCVR_2450AT42B100E,,tht
"C1, C16, C2, C3, C4, C5, C6, C7",8,0.1uF,C_0402_1005Metric,,smt
C10,1,18pF,C_0402_1005Metric,,smt
C11,1,36pF,C_0402_1005Metric,,smt
C12,1,100pF,C_0402_1005Metric,,smt
C13,1,10uF,C_0603_1608Metric,,smt
"C14, C15",2,C,C_0402_1005Metric,,smt
C17,1,10 uF,C_0603_1608Metric,,smt
C8,1,1.3uF,C_0402_1005Metric,,smt
C9,1,1.0uF,C_0402_1005Metric,,smt
"D1, D2",2,LED,LED_0402_1005Metric,,smt
"FB1, FB2",2,FerriteBead,L_0402_1005Metric,,smt
IC1,1,MAX1724EZK50+T,SOT95P275X110-5N,,smt
J2,1,ELECTRODE,PinHeader_1x02_P1.27mm_Vertical,,tht
J3,1,BATTERY,PinHeader_1x02_P2.54mm_Vertical,,tht
J4,1,MECHANICAL,PinHeader_1x02_P2.54mm_Vertical,,tht
J6,1,Program,PinHeader_1x05_P1.27mm_Vertical,,tht
L1,1,10 uH,L_1210_3225Metric,,smt
L2,1,L,L_0402_1005Metric,,smt
"R1, R2",2,330,R_0402_1005Metric,,smt
R3,1,4.7k,R_0402_1005Metric,,smt
U2,1,CY8C4247LQI-BL493,QFN-56-1EP_7x7mm_P0.4mm_EP5.6x5.6mm,,smt
Y1,1,ECS-.327-9-34B-C-TR,XTAL_ECS-.327-9-34B-C-TR,,tht
Y2,1,ECS-240-8-33-RWY-TR,XTAL_ECS-240-8-33-RWY-TR,,tht
