﻿pos_x,pos_y,rotation,side,designator,mpn,pack,value,mount_type,place
152.535282,-116.03272,-26.560000000000002,top,AE1,,XCVR_2450AT42B100E,2450AT42B100E,tht,True
139.855,-129.5925,180.0,bottom,C1,,C_0402_1005Metric,0.1uF,smt,True
144.78,-135.735,-90.0,top,C10,,C_0402_1005Metric,18pF,smt,True
140.335,-137.16,0.0,top,C11,,C_0402_1005Metric,36pF,smt,True
139.855,-128.3225,180.0,bottom,C12,,C_0402_1005Metric,100pF,smt,True
157.34,-123.19,180.0,top,C13,,C_0603_1608Metric,10uF,smt,True
146.205,-115.57,63.43,top,C14,,C_0402_1005Metric,C,smt,True
145.07498,-114.0853,-26.569999999999993,top,C15,,C_0402_1005Metric,C,smt,True
152.27,-125.59,90.0,top,C16,,C_0402_1005Metric,0.1uF,smt,True
151.765,-129.4,-90.0,top,C17,,C_0603_1608Metric,10 uF,smt,True
135.89,-124.9925,-90.0,bottom,C2,,C_0402_1005Metric,0.1uF,smt,True
133.83,-128.3225,0.0,bottom,C3,,C_0402_1005Metric,0.1uF,smt,True
135.89,-131.0175,90.0,bottom,C4,,C_0402_1005Metric,0.1uF,smt,True
139.855,-125.1475,180.0,bottom,C5,,C_0402_1005Metric,0.1uF,smt,True
139.855,-126.615,180.0,bottom,C6,,C_0402_1005Metric,0.1uF,smt,True
159.385,-125.575,90.0,top,C7,,C_0402_1005Metric,0.1uF,smt,True
139.065,-131.54,90.0,bottom,C8,,C_0402_1005Metric,1.3uF,smt,True
134.62,-131.0175,90.0,bottom,C9,,C_0402_1005Metric,1.0uF,smt,True
142.24,-139.7,180.0,top,D1,,LED_0402_1005Metric,LED,smt,True
145.415,-140.97,180.0,top,D2,,LED_0402_1005Metric,LED,smt,True
148.74,-134.62,0.0,top,FB1,,L_0402_1005Metric,FerriteBead,smt,True
148.74,-132.715,0.0,top,FB2,,L_0402_1005Metric,FerriteBead,smt,True
155.425,-127.02,-90.0,top,IC1,,SOT95P275X110-5N,MAX1724EZK50+T,smt,True
135.255,-134.62,40.0,top,J2,,PinHeader_1x02_P1.27mm_Vertical,ELECTRODE,tht,True
151.13,-138.43,-60.0,top,J3,,PinHeader_1x02_P2.54mm_Vertical,BATTERY,tht,True
140.071974,-116.468026,120.0,top,J4,,PinHeader_1x02_P2.54mm_Vertical,MECHANICAL,tht,True
150.23589,-123.060193,-116.56,top,J6,,PinHeader_1x05_P1.27mm_Vertical,Program,tht,True
155.445,-132.08,0.0,top,L1,,L_1210_3225Metric,10 uH,smt,True
144.346222,-115.353064,153.43,top,L2,,L_0402_1005Metric,L,smt,True
142.24,-138.43,180.0,bottom,R1,,R_0402_1005Metric,330,smt,True
145.415,-139.7,180.0,bottom,R2,,R_0402_1005Metric,330,smt,True
142.875,-131.57,90.0,bottom,R3,,R_0402_1005Metric,4.7k,smt,True
137.03,-127.95,180.0,top,U2,,QFN-56-1EP_7x7mm_P0.4mm_EP5.6x5.6mm,CY8C4247LQI-BL493,smt,True
141.585,-134.62,180.0,top,Y1,,XTAL_ECS-.327-9-34B-C-TR,ECS-.327-9-34B-C-TR,tht,True
135.616724,-120.912381,0.0,top,Y2,,XTAL_ECS-240-8-33-RWY-TR,ECS-240-8-33-RWY-TR,tht,True
